row_type,network,scenario_tag,controller,seed,status,steps,warmup,action_interval,sumocfg,net_file,unsupported_reason,travel_time_source,unfinished_vehicle_count,demand_shift_mechanism,demand_shift_inserted_vehicles,failure_mode_mechanism,failure_mode_target_edge,failure_mode_target_max_vehicles,failure_mode_start,failure_mode_end,ci_std_error,ci95_low,ci95_high,avg_travel_time,penalized_avg_travel_time,total_delay,completed_vehicles,completion_rate,throughput,mean_queue,max_queue,spillback_count,blocking_count,switching_count,controller_runtime_sec
seed,single,single_sanity,fixed_time,20260523,completed,300,60,10,networks/single_intersection/single_intersection.sumocfg,networks/single_intersection/single_intersection.net.xml,,conditional_on_arrival_with_censoring_penalty,33,,,,,,,,,,,57.74251497005988,87.815,1125.0,167,0.835,0.6958333333333333,4.6875,6.0,0,0,8,0.0012439952697604895
seed,single,single_sanity,actuated_local_pressure,20260523,completed,300,60,10,networks/single_intersection/single_intersection.sumocfg,networks/single_intersection/single_intersection.net.xml,,conditional_on_arrival_with_censoring_penalty,33,,,,,,,,,,,57.047904191616766,87.235,944.0,167,0.835,0.6958333333333333,3.933333333333333,5.0,0,0,12,0.001708050025627017
seed,single,single_sanity,max_pressure,20260523,completed,300,60,10,networks/single_intersection/single_intersection.sumocfg,networks/single_intersection/single_intersection.net.xml,,conditional_on_arrival_with_censoring_penalty,33,,,,,,,,,,,57.047904191616766,87.235,944.0,167,0.835,0.6958333333333333,3.933333333333333,5.0,0,0,12,0.0014642082387581468
seed,single,single_sanity,capacity_aware_pressure,20260523,completed,300,60,10,networks/single_intersection/single_intersection.sumocfg,networks/single_intersection/single_intersection.net.xml,,conditional_on_arrival_with_censoring_penalty,33,,,,,,,,,,,57.047904191616766,87.235,944.0,167,0.835,0.6958333333333333,3.933333333333333,5.0,0,0,12,0.0017789409030228853
seed,single,single_sanity,local_pilight,20260523,not_feasible,300,60,10,,,No safely adaptable PI-Light local DSL baseline is present in the SUMO runner interface.,not_feasible,0,,,,,,,,,,,0.0,0.0,0.0,0,0.0,0.0,0.0,0.0,0,0,0,0.0
seed,single,single_sanity,raw_neighbor_symbolic,20260523,completed,300,60,10,networks/single_intersection/single_intersection.sumocfg,networks/single_intersection/single_intersection.net.xml,,conditional_on_arrival_with_censoring_penalty,33,,,,,,,,,,,57.047904191616766,87.235,944.0,167,0.835,0.6958333333333333,3.933333333333333,5.0,0,0,12,0.0009688887512311339
seed,single,single_sanity,all_neighbor_symbolic,20260523,completed,300,60,10,networks/single_intersection/single_intersection.sumocfg,networks/single_intersection/single_intersection.net.xml,,conditional_on_arrival_with_censoring_penalty,33,,,,,,,,,,,57.047904191616766,87.235,944.0,167,0.835,0.6958333333333333,3.933333333333333,5.0,0,0,12,0.0015449619386345148
seed,single,single_sanity,random_permuted_dual,20260523,completed,300,60,10,networks/single_intersection/single_intersection.sumocfg,networks/single_intersection/single_intersection.net.xml,,conditional_on_arrival_with_censoring_penalty,75,,,,,,,,,,,68.296,132.685,6178.0,125,0.625,0.5208333333333334,25.741666666666667,29.0,0,0,5,0.001962689799256623
seed,single,single_sanity,full_dual_symbolic,20260523,not_feasible,300,60,10,,,Closed-loop per-TLS dual Scenario conversion is not yet safe for live SUMO actuation.,not_feasible,0,,,,,,,,,,,0.0,0.0,0.0,0,0.0,0.0,0.0,0.0,0,0,0,0.0
seed,arterial,arterial_main,fixed_time,20260523,completed,300,60,10,networks/arterial/arterial.sumocfg,networks/arterial/arterial.net.xml,,conditional_on_arrival_with_censoring_penalty,196,,,,,,,,,,,64.146408839779,101.61086956521739,9402.0,724,0.7869565217391304,3.0166666666666666,39.175,17.0,0,0,40,0.004339340375736356
seed,arterial,arterial_main,actuated_local_pressure,20260523,completed,300,60,10,networks/arterial/arterial.sumocfg,networks/arterial/arterial.net.xml,,conditional_on_arrival_with_censoring_penalty,173,,,,,,,,,,,62.45917001338688,95.8445652173913,6890.0,747,0.8119565217391305,3.1125,28.708333333333332,14.0,0,0,54,0.009213660378009081
seed,arterial,arterial_main,max_pressure,20260523,completed,300,60,10,networks/arterial/arterial.sumocfg,networks/arterial/arterial.net.xml,,conditional_on_arrival_with_censoring_penalty,174,,,,,,,,,,,62.552278820375335,96.11304347826086,6957.0,746,0.8108695652173913,3.1083333333333334,28.9875,14.0,0,0,55,0.008290646015666425
seed,arterial,arterial_main,capacity_aware_pressure,20260523,completed,300,60,10,networks/arterial/arterial.sumocfg,networks/arterial/arterial.net.xml,,conditional_on_arrival_with_censoring_penalty,174,,,,,,,,,,,62.552278820375335,96.11304347826086,6957.0,746,0.8108695652173913,3.1083333333333334,28.9875,14.0,0,0,55,0.008559635025449097
seed,arterial,arterial_main,local_pilight,20260523,not_feasible,300,60,10,,,No safely adaptable PI-Light local DSL baseline is present in the SUMO runner interface.,not_feasible,0,,,,,,,,,,,0.0,0.0,0.0,0,0.0,0.0,0.0,0.0,0,0,0,0.0
seed,arterial,arterial_main,raw_neighbor_symbolic,20260523,completed,300,60,10,networks/arterial/arterial.sumocfg,networks/arterial/arterial.net.xml,,conditional_on_arrival_with_censoring_penalty,174,,,,,,,,,,,62.552278820375335,96.11304347826086,6957.0,746,0.8108695652173913,3.1083333333333334,28.9875,14.0,0,0,55,0.006544062169268727
seed,arterial,arterial_main,all_neighbor_symbolic,20260523,completed,300,60,10,networks/arterial/arterial.sumocfg,networks/arterial/arterial.net.xml,,conditional_on_arrival_with_censoring_penalty,174,,,,,,,,,,,62.552278820375335,96.11304347826086,6957.0,746,0.8108695652173913,3.1083333333333334,28.9875,14.0,0,0,55,0.0056489871349185705
seed,arterial,arterial_main,random_permuted_dual,20260523,completed,300,60,10,networks/arterial/arterial.sumocfg,networks/arterial/arterial.net.xml,,conditional_on_arrival_with_censoring_penalty,266,,,,,,,,,,,66.8914373088685,116.94239130434782,17779.0,654,0.7108695652173913,2.725,74.07916666666667,70.0,0,0,46,0.009545852895826101
seed,arterial,arterial_main,full_dual_symbolic,20260523,not_feasible,300,60,10,,,Closed-loop per-TLS dual Scenario conversion is not yet safe for live SUMO actuation.,not_feasible,0,,,,,,,,,,,0.0,0.0,0.0,0,0.0,0.0,0.0,0.0,0,0,0,0.0
seed,arterial,arterial_main,fixed_time,20260524,completed,300,60,10,networks/arterial/arterial.sumocfg,networks/arterial/arterial.net.xml,,conditional_on_arrival_with_censoring_penalty,195,,,,,,,,,,,64.93655172413793,102.04239130434783,9669.0,725,0.7880434782608695,3.0208333333333335,40.2875,16.0,0,0,40,0.004754211404360831
seed,arterial,arterial_main,actuated_local_pressure,20260524,completed,300,60,10,networks/arterial/arterial.sumocfg,networks/arterial/arterial.net.xml,,conditional_on_arrival_with_censoring_penalty,182,,,,,,,,,,,62.616531165311656,97.70760869565217,7333.0,738,0.8021739130434783,3.075,30.554166666666667,16.0,0,0,57,0.008870775229297578
seed,arterial,arterial_main,max_pressure,20260524,completed,300,60,10,networks/arterial/arterial.sumocfg,networks/arterial/arterial.net.xml,,conditional_on_arrival_with_censoring_penalty,198,,,,,,,,,,,63.00692520775623,101.09891304347826,7781.0,722,0.7847826086956522,3.0083333333333333,32.420833333333334,17.0,0,0,55,0.009039195138029754
seed,arterial,arterial_main,capacity_aware_pressure,20260524,completed,300,60,10,networks/arterial/arterial.sumocfg,networks/arterial/arterial.net.xml,,conditional_on_arrival_with_censoring_penalty,198,,,,,,,,,,,63.00692520775623,101.09891304347826,7781.0,722,0.7847826086956522,3.0083333333333333,32.420833333333334,17.0,0,0,55,0.009001623839139938
seed,arterial,arterial_main,local_pilight,20260524,not_feasible,300,60,10,,,No safely adaptable PI-Light local DSL baseline is present in the SUMO runner interface.,not_feasible,0,,,,,,,,,,,0.0,0.0,0.0,0,0.0,0.0,0.0,0.0,0,0,0,0.0
seed,arterial,arterial_main,raw_neighbor_symbolic,20260524,completed,300,60,10,networks/arterial/arterial.sumocfg,networks/arterial/arterial.net.xml,,conditional_on_arrival_with_censoring_penalty,198,,,,,,,,,,,63.00692520775623,101.09891304347826,7781.0,722,0.7847826086956522,3.0083333333333333,32.420833333333334,17.0,0,0,55,0.007327301194891334
seed,arterial,arterial_main,all_neighbor_symbolic,20260524,completed,300,60,10,networks/arterial/arterial.sumocfg,networks/arterial/arterial.net.xml,,conditional_on_arrival_with_censoring_penalty,198,,,,,,,,,,,63.00692520775623,101.09891304347826,7781.0,722,0.7847826086956522,3.0083333333333333,32.420833333333334,17.0,0,0,55,0.006891904980875552
seed,arterial,arterial_main,random_permuted_dual,20260524,completed,300,60,10,networks/arterial/arterial.sumocfg,networks/arterial/arterial.net.xml,,conditional_on_arrival_with_censoring_penalty,186,,,,,,,,,,,57.69209809264305,94.55,8144.0,734,0.7978260869565217,3.058333333333333,33.93333333333333,13.0,0,0,30,0.009932162007316947
seed,arterial,arterial_main,full_dual_symbolic,20260524,not_feasible,300,60,10,,,Closed-loop per-TLS dual Scenario conversion is not yet safe for live SUMO actuation.,not_feasible,0,,,,,,,,,,,0.0,0.0,0.0,0,0.0,0.0,0.0,0.0,0,0,0,0.0
seed,arterial,arterial_main,fixed_time,20260525,completed,300,60,10,networks/arterial/arterial.sumocfg,networks/arterial/arterial.net.xml,,conditional_on_arrival_with_censoring_penalty,207,,,,,,,,,,,65.88078541374475,105.05760869565218,10731.0,713,0.775,2.970833333333333,44.7125,18.0,0,0,40,0.004942336003296077
seed,arterial,arterial_main,actuated_local_pressure,20260525,completed,300,60,10,networks/arterial/arterial.sumocfg,networks/arterial/arterial.net.xml,,conditional_on_arrival_with_censoring_penalty,178,,,,,,,,,,,62.85579514824798,97.12934782608696,7383.0,742,0.8065217391304348,3.091666666666667,30.7625,16.0,0,0,54,0.008025532006286085
seed,arterial,arterial_main,max_pressure,20260525,completed,300,60,10,networks/arterial/arterial.sumocfg,networks/arterial/arterial.net.xml,,conditional_on_arrival_with_censoring_penalty,178,,,,,,,,,,,62.85579514824798,97.12934782608696,7383.0,742,0.8065217391304348,3.091666666666667,30.7625,16.0,0,0,54,0.007365322322584689
seed,arterial,arterial_main,capacity_aware_pressure,20260525,completed,300,60,10,networks/arterial/arterial.sumocfg,networks/arterial/arterial.net.xml,,conditional_on_arrival_with_censoring_penalty,178,,,,,,,,,,,62.85579514824798,97.12934782608696,7383.0,742,0.8065217391304348,3.091666666666667,30.7625,16.0,0,0,54,0.00923040579073131
seed,arterial,arterial_main,local_pilight,20260525,not_feasible,300,60,10,,,No safely adaptable PI-Light local DSL baseline is present in the SUMO runner interface.,not_feasible,0,,,,,,,,,,,0.0,0.0,0.0,0,0.0,0.0,0.0,0.0,0,0,0,0.0
seed,arterial,arterial_main,raw_neighbor_symbolic,20260525,completed,300,60,10,networks/arterial/arterial.sumocfg,networks/arterial/arterial.net.xml,,conditional_on_arrival_with_censoring_penalty,178,,,,,,,,,,,62.85579514824798,97.12934782608696,7383.0,742,0.8065217391304348,3.091666666666667,30.7625,16.0,0,0,54,0.00816382106859237
seed,arterial,arterial_main,all_neighbor_symbolic,20260525,completed,300,60,10,networks/arterial/arterial.sumocfg,networks/arterial/arterial.net.xml,,conditional_on_arrival_with_censoring_penalty,178,,,,,,,,,,,62.85579514824798,97.12934782608696,7383.0,742,0.8065217391304348,3.091666666666667,30.7625,16.0,0,0,54,0.006963076768442988
seed,arterial,arterial_main,random_permuted_dual,20260525,completed,300,60,10,networks/arterial/arterial.sumocfg,networks/arterial/arterial.net.xml,,conditional_on_arrival_with_censoring_penalty,393,,,,,,,,,,,71.78557874762808,143.64239130434783,28771.0,527,0.5728260869565217,2.1958333333333333,119.87916666666666,73.0,0,0,33,0.010686740628443658
seed,arterial,arterial_main,full_dual_symbolic,20260525,not_feasible,300,60,10,,,Closed-loop per-TLS dual Scenario conversion is not yet safe for live SUMO actuation.,not_feasible,0,,,,,,,,,,,0.0,0.0,0.0,0,0.0,0.0,0.0,0.0,0,0,0,0.0
seed,arterial,arterial_main,fixed_time,20260526,completed,300,60,10,networks/arterial/arterial.sumocfg,networks/arterial/arterial.net.xml,,conditional_on_arrival_with_censoring_penalty,197,,,,,,,,,,,64.53665283540802,102.1086956521739,9350.0,723,0.7858695652173913,3.0125,38.958333333333336,16.0,0,0,40,0.004293881240300834
seed,arterial,arterial_main,actuated_local_pressure,20260526,completed,300,60,10,networks/arterial/arterial.sumocfg,networks/arterial/arterial.net.xml,,conditional_on_arrival_with_censoring_penalty,174,,,,,,,,,,,63.84048257372654,97.15760869565217,7652.0,746,0.8108695652173913,3.1083333333333334,31.883333333333333,16.0,0,0,57,0.0070511046797037125
seed,arterial,arterial_main,max_pressure,20260526,completed,300,60,10,networks/arterial/arterial.sumocfg,networks/arterial/arterial.net.xml,,conditional_on_arrival_with_censoring_penalty,174,,,,,,,,,,,63.84048257372654,97.15760869565217,7652.0,746,0.8108695652173913,3.1083333333333334,31.883333333333333,16.0,0,0,57,0.007998970220796764
seed,arterial,arterial_main,capacity_aware_pressure,20260526,completed,300,60,10,networks/arterial/arterial.sumocfg,networks/arterial/arterial.net.xml,,conditional_on_arrival_with_censoring_penalty,174,,,,,,,,,,,63.84048257372654,97.15760869565217,7652.0,746,0.8108695652173913,3.1083333333333334,31.883333333333333,16.0,0,0,57,0.007741046953015029
seed,arterial,arterial_main,local_pilight,20260526,not_feasible,300,60,10,,,No safely adaptable PI-Light local DSL baseline is present in the SUMO runner interface.,not_feasible,0,,,,,,,,,,,0.0,0.0,0.0,0,0.0,0.0,0.0,0.0,0,0,0,0.0
seed,arterial,arterial_main,raw_neighbor_symbolic,20260526,completed,300,60,10,networks/arterial/arterial.sumocfg,networks/arterial/arterial.net.xml,,conditional_on_arrival_with_censoring_penalty,174,,,,,,,,,,,63.84048257372654,97.15760869565217,7652.0,746,0.8108695652173913,3.1083333333333334,31.883333333333333,16.0,0,0,57,0.007842858089134097
seed,arterial,arterial_main,all_neighbor_symbolic,20260526,completed,300,60,10,networks/arterial/arterial.sumocfg,networks/arterial/arterial.net.xml,,conditional_on_arrival_with_censoring_penalty,174,,,,,,,,,,,63.84048257372654,97.15760869565217,7652.0,746,0.8108695652173913,3.1083333333333334,31.883333333333333,16.0,0,0,57,0.006850368226878345
seed,arterial,arterial_main,random_permuted_dual,20260526,completed,300,60,10,networks/arterial/arterial.sumocfg,networks/arterial/arterial.net.xml,,conditional_on_arrival_with_censoring_penalty,171,,,,,,,,,,,60.22563417890521,93.64021739130435,8277.0,749,0.8141304347826087,3.120833333333333,34.4875,11.0,0,0,32,0.008803299744613469
seed,arterial,arterial_main,full_dual_symbolic,20260526,not_feasible,300,60,10,,,Closed-loop per-TLS dual Scenario conversion is not yet safe for live SUMO actuation.,not_feasible,0,,,,,,,,,,,0.0,0.0,0.0,0,0.0,0.0,0.0,0.0,0,0,0,0.0
seed,arterial,arterial_main,fixed_time,20260527,completed,300,60,10,networks/arterial/arterial.sumocfg,networks/arterial/arterial.net.xml,,conditional_on_arrival_with_censoring_penalty,198,,,,,,,,,,,64.22853185595568,102.05760869565218,9905.0,722,0.7847826086956522,3.0083333333333333,41.270833333333336,17.0,0,0,40,0.006228138925507665
seed,arterial,arterial_main,actuated_local_pressure,20260527,completed,300,60,10,networks/arterial/arterial.sumocfg,networks/arterial/arterial.net.xml,,conditional_on_arrival_with_censoring_penalty,179,,,,,,,,,,,61.928475033738195,96.575,6975.0,741,0.8054347826086956,3.0875,29.0625,15.0,0,0,56,0.005183682660572231
seed,arterial,arterial_main,max_pressure,20260527,completed,300,60,10,networks/arterial/arterial.sumocfg,networks/arterial/arterial.net.xml,,conditional_on_arrival_with_censoring_penalty,183,,,,,,,,,,,62.15739484396201,97.53260869565217,7118.0,737,0.8010869565217391,3.0708333333333333,29.658333333333335,15.0,0,0,56,0.008423323859460652
seed,arterial,arterial_main,capacity_aware_pressure,20260527,completed,300,60,10,networks/arterial/arterial.sumocfg,networks/arterial/arterial.net.xml,,conditional_on_arrival_with_censoring_penalty,183,,,,,,,,,,,62.15739484396201,97.53260869565217,7118.0,737,0.8010869565217391,3.0708333333333333,29.658333333333335,15.0,0,0,56,0.008704337989911437
seed,arterial,arterial_main,local_pilight,20260527,not_feasible,300,60,10,,,No safely adaptable PI-Light local DSL baseline is present in the SUMO runner interface.,not_feasible,0,,,,,,,,,,,0.0,0.0,0.0,0,0.0,0.0,0.0,0.0,0,0,0,0.0
seed,arterial,arterial_main,raw_neighbor_symbolic,20260527,completed,300,60,10,networks/arterial/arterial.sumocfg,networks/arterial/arterial.net.xml,,conditional_on_arrival_with_censoring_penalty,183,,,,,,,,,,,62.15739484396201,97.53260869565217,7118.0,737,0.8010869565217391,3.0708333333333333,29.658333333333335,15.0,0,0,56,0.004531625076197088
seed,arterial,arterial_main,all_neighbor_symbolic,20260527,completed,300,60,10,networks/arterial/arterial.sumocfg,networks/arterial/arterial.net.xml,,conditional_on_arrival_with_censoring_penalty,183,,,,,,,,,,,62.15739484396201,97.53260869565217,7118.0,737,0.8010869565217391,3.0708333333333333,29.658333333333335,15.0,0,0,56,0.008051702752709389
seed,arterial,arterial_main,random_permuted_dual,20260527,completed,300,60,10,networks/arterial/arterial.sumocfg,networks/arterial/arterial.net.xml,,conditional_on_arrival_with_censoring_penalty,389,,,,,,,,,,,70.72504708097928,142.29891304347825,30324.0,531,0.5771739130434783,2.2125,126.35,69.0,0,0,32,0.006643407978117466
seed,arterial,arterial_main,full_dual_symbolic,20260527,not_feasible,300,60,10,,,Closed-loop per-TLS dual Scenario conversion is not yet safe for live SUMO actuation.,not_feasible,0,,,,,,,,,,,0.0,0.0,0.0,0,0.0,0.0,0.0,0.0,0,0,0,0.0
seed,grid_4x4,grid_scalability,fixed_time,20260601,completed,300,60,10,networks/grid_4x4/grid_4x4.sumocfg,networks/grid_4x4/grid_4x4.net.xml,,conditional_on_arrival_with_censoring_penalty,64,,,,,,,,,,,77.50694444444444,127.5048076923077,2153.0,144,0.6923076923076923,0.6,8.970833333333333,3.0,0,0,128,0.013709886348806322
seed,grid_4x4,grid_scalability,actuated_local_pressure,20260601,completed,300,60,10,networks/grid_4x4/grid_4x4.sumocfg,networks/grid_4x4/grid_4x4.net.xml,,conditional_on_arrival_with_censoring_penalty,67,,,,,,,,,,,84.67375886524823,134.70673076923077,2544.0,141,0.6778846153846154,0.5875,10.6,4.0,0,0,177,0.02469300723168999
seed,grid_4x4,grid_scalability,max_pressure,20260601,completed,300,60,10,networks/grid_4x4/grid_4x4.sumocfg,networks/grid_4x4/grid_4x4.net.xml,,conditional_on_arrival_with_censoring_penalty,67,,,,,,,,,,,84.67375886524823,134.70673076923077,2544.0,141,0.6778846153846154,0.5875,10.6,4.0,0,0,177,0.02608966256957501
seed,grid_4x4,grid_scalability,capacity_aware_pressure,20260601,completed,300,60,10,networks/grid_4x4/grid_4x4.sumocfg,networks/grid_4x4/grid_4x4.net.xml,,conditional_on_arrival_with_censoring_penalty,65,,,,,,,,,,,83.5034965034965,132.40865384615384,2450.0,143,0.6875,0.5958333333333333,10.208333333333334,4.0,0,0,171,0.015574059216305614
seed,grid_4x4,grid_scalability,local_pilight,20260601,not_feasible,300,60,10,,,No safely adaptable PI-Light local DSL baseline is present in the SUMO runner interface.,not_feasible,0,,,,,,,,,,,0.0,0.0,0.0,0,0.0,0.0,0.0,0.0,0,0,0,0.0
seed,grid_4x4,grid_scalability,raw_neighbor_symbolic,20260601,completed,300,60,10,networks/grid_4x4/grid_4x4.sumocfg,networks/grid_4x4/grid_4x4.net.xml,,conditional_on_arrival_with_censoring_penalty,67,,,,,,,,,,,84.67375886524823,134.70673076923077,2544.0,141,0.6778846153846154,0.5875,10.6,4.0,0,0,177,0.025047841598279774
seed,grid_4x4,grid_scalability,all_neighbor_symbolic,20260601,completed,300,60,10,networks/grid_4x4/grid_4x4.sumocfg,networks/grid_4x4/grid_4x4.net.xml,,conditional_on_arrival_with_censoring_penalty,65,,,,,,,,,,,83.5034965034965,132.40865384615384,2450.0,143,0.6875,0.5958333333333333,10.208333333333334,4.0,0,0,171,0.02260922931600362
seed,grid_4x4,grid_scalability,random_permuted_dual,20260601,completed,300,60,10,networks/grid_4x4/grid_4x4.sumocfg,networks/grid_4x4/grid_4x4.net.xml,,conditional_on_arrival_with_censoring_penalty,80,,,,,,,,,,,94.703125,150.58653846153845,5698.0,128,0.6153846153846154,0.5333333333333333,23.741666666666667,4.0,0,0,101,0.028080813004635274
seed,grid_4x4,grid_scalability,full_dual_symbolic,20260601,not_feasible,300,60,10,,,Closed-loop per-TLS dual Scenario conversion is not yet safe for live SUMO actuation.,not_feasible,0,,,,,,,,,,,0.0,0.0,0.0,0,0.0,0.0,0.0,0.0,0,0,0,0.0
seed,grid_4x4,grid_scalability,fixed_time,20260602,completed,300,60,10,networks/grid_4x4/grid_4x4.sumocfg,networks/grid_4x4/grid_4x4.net.xml,,conditional_on_arrival_with_censoring_penalty,64,,,,,,,,,,,77.44444444444444,127.46153846153847,2221.0,144,0.6923076923076923,0.6,9.254166666666666,3.0,0,0,128,0.015989533974789083
seed,grid_4x4,grid_scalability,actuated_local_pressure,20260602,completed,300,60,10,networks/grid_4x4/grid_4x4.sumocfg,networks/grid_4x4/grid_4x4.net.xml,,conditional_on_arrival_with_censoring_penalty,67,,,,,,,,,,,83.33333333333333,133.79807692307693,2357.0,141,0.6778846153846154,0.5875,9.820833333333333,4.0,0,0,182,0.028608271037228405
seed,grid_4x4,grid_scalability,max_pressure,20260602,completed,300,60,10,networks/grid_4x4/grid_4x4.sumocfg,networks/grid_4x4/grid_4x4.net.xml,,conditional_on_arrival_with_censoring_penalty,67,,,,,,,,,,,83.33333333333333,133.79807692307693,2357.0,141,0.6778846153846154,0.5875,9.820833333333333,4.0,0,0,182,0.015606023836880922
seed,grid_4x4,grid_scalability,capacity_aware_pressure,20260602,completed,300,60,10,networks/grid_4x4/grid_4x4.sumocfg,networks/grid_4x4/grid_4x4.net.xml,,conditional_on_arrival_with_censoring_penalty,65,,,,,,,,,,,82.6993006993007,131.85576923076923,2375.0,143,0.6875,0.5958333333333333,9.895833333333334,3.0,0,0,177,0.02097284479532391
seed,grid_4x4,grid_scalability,local_pilight,20260602,not_feasible,300,60,10,,,No safely adaptable PI-Light local DSL baseline is present in the SUMO runner interface.,not_feasible,0,,,,,,,,,,,0.0,0.0,0.0,0,0.0,0.0,0.0,0.0,0,0,0,0.0
seed,grid_4x4,grid_scalability,raw_neighbor_symbolic,20260602,completed,300,60,10,networks/grid_4x4/grid_4x4.sumocfg,networks/grid_4x4/grid_4x4.net.xml,,conditional_on_arrival_with_censoring_penalty,67,,,,,,,,,,,83.33333333333333,133.79807692307693,2357.0,141,0.6778846153846154,0.5875,9.820833333333333,4.0,0,0,182,0.01819728093687445
seed,grid_4x4,grid_scalability,all_neighbor_symbolic,20260602,completed,300,60,10,networks/grid_4x4/grid_4x4.sumocfg,networks/grid_4x4/grid_4x4.net.xml,,conditional_on_arrival_with_censoring_penalty,65,,,,,,,,,,,82.6993006993007,131.85576923076923,2375.0,143,0.6875,0.5958333333333333,9.895833333333334,3.0,0,0,177,0.017686971928924322
seed,grid_4x4,grid_scalability,random_permuted_dual,20260602,completed,300,60,10,networks/grid_4x4/grid_4x4.sumocfg,networks/grid_4x4/grid_4x4.net.xml,,conditional_on_arrival_with_censoring_penalty,70,,,,,,,,,,,81.44202898550725,134.8028846153846,2547.0,138,0.6634615384615384,0.575,10.6125,3.0,0,0,157,0.031129488837905228
seed,grid_4x4,grid_scalability,full_dual_symbolic,20260602,not_feasible,300,60,10,,,Closed-loop per-TLS dual Scenario conversion is not yet safe for live SUMO actuation.,not_feasible,0,,,,,,,,,,,0.0,0.0,0.0,0,0.0,0.0,0.0,0.0,0,0,0,0.0
seed,grid_4x4,grid_scalability,fixed_time,20260603,completed,300,60,10,networks/grid_4x4/grid_4x4.sumocfg,networks/grid_4x4/grid_4x4.net.xml,,conditional_on_arrival_with_censoring_penalty,64,,,,,,,,,,,76.70138888888889,126.94711538461539,2205.0,144,0.6923076923076923,0.6,9.1875,3.0,0,0,128,0.019227241748012602
seed,grid_4x4,grid_scalability,actuated_local_pressure,20260603,completed,300,60,10,networks/grid_4x4/grid_4x4.sumocfg,networks/grid_4x4/grid_4x4.net.xml,,conditional_on_arrival_with_censoring_penalty,68,,,,,,,,,,,83.39285714285714,134.59134615384616,2566.0,140,0.6730769230769231,0.5833333333333334,10.691666666666666,3.0,0,0,181,0.029166413936764002
seed,grid_4x4,grid_scalability,max_pressure,20260603,completed,300,60,10,networks/grid_4x4/grid_4x4.sumocfg,networks/grid_4x4/grid_4x4.net.xml,,conditional_on_arrival_with_censoring_penalty,68,,,,,,,,,,,83.39285714285714,134.59134615384616,2566.0,140,0.6730769230769231,0.5833333333333334,10.691666666666666,3.0,0,0,181,0.021261401008814573
seed,grid_4x4,grid_scalability,capacity_aware_pressure,20260603,completed,300,60,10,networks/grid_4x4/grid_4x4.sumocfg,networks/grid_4x4/grid_4x4.net.xml,,conditional_on_arrival_with_censoring_penalty,64,,,,,,,,,,,81.53472222222223,130.29326923076923,2294.0,144,0.6923076923076923,0.6,9.558333333333334,3.0,0,0,176,0.020640436094254255
seed,grid_4x4,grid_scalability,local_pilight,20260603,not_feasible,300,60,10,,,No safely adaptable PI-Light local DSL baseline is present in the SUMO runner interface.,not_feasible,0,,,,,,,,,,,0.0,0.0,0.0,0,0.0,0.0,0.0,0.0,0,0,0,0.0
seed,grid_4x4,grid_scalability,raw_neighbor_symbolic,20260603,completed,300,60,10,networks/grid_4x4/grid_4x4.sumocfg,networks/grid_4x4/grid_4x4.net.xml,,conditional_on_arrival_with_censoring_penalty,68,,,,,,,,,,,83.39285714285714,134.59134615384616,2566.0,140,0.6730769230769231,0.5833333333333334,10.691666666666666,3.0,0,0,181,0.024457124178297818
seed,grid_4x4,grid_scalability,all_neighbor_symbolic,20260603,completed,300,60,10,networks/grid_4x4/grid_4x4.sumocfg,networks/grid_4x4/grid_4x4.net.xml,,conditional_on_arrival_with_censoring_penalty,64,,,,,,,,,,,81.53472222222223,130.29326923076923,2294.0,144,0.6923076923076923,0.6,9.558333333333334,3.0,0,0,176,0.012001880095340312
seed,grid_4x4,grid_scalability,random_permuted_dual,20260603,completed,300,60,10,networks/grid_4x4/grid_4x4.sumocfg,networks/grid_4x4/grid_4x4.net.xml,,conditional_on_arrival_with_censoring_penalty,78,,,,,,,,,,,97.36153846153846,150.85096153846155,5776.0,130,0.625,0.5416666666666666,24.066666666666666,4.0,0,0,102,0.029836862697266042
seed,grid_4x4,grid_scalability,full_dual_symbolic,20260603,not_feasible,300,60,10,,,Closed-loop per-TLS dual Scenario conversion is not yet safe for live SUMO actuation.,not_feasible,0,,,,,,,,,,,0.0,0.0,0.0,0,0.0,0.0,0.0,0.0,0,0,0,0.0
seed,grid_4x4,grid_scalability,fixed_time,20260604,completed,300,60,10,networks/grid_4x4/grid_4x4.sumocfg,networks/grid_4x4/grid_4x4.net.xml,,conditional_on_arrival_with_censoring_penalty,63,,,,,,,,,,,76.67586206896551,126.14423076923077,2155.0,145,0.6971153846153846,0.6041666666666666,8.979166666666666,3.0,0,0,128,0.011526879854500294
seed,grid_4x4,grid_scalability,actuated_local_pressure,20260604,completed,300,60,10,networks/grid_4x4/grid_4x4.sumocfg,networks/grid_4x4/grid_4x4.net.xml,,conditional_on_arrival_with_censoring_penalty,63,,,,,,,,,,,80.10344827586206,128.53365384615384,2184.0,145,0.6971153846153846,0.6041666666666666,9.1,3.0,0,0,177,0.016524298931472003
seed,grid_4x4,grid_scalability,max_pressure,20260604,completed,300,60,10,networks/grid_4x4/grid_4x4.sumocfg,networks/grid_4x4/grid_4x4.net.xml,,conditional_on_arrival_with_censoring_penalty,63,,,,,,,,,,,80.10344827586206,128.53365384615384,2184.0,145,0.6971153846153846,0.6041666666666666,9.1,3.0,0,0,177,0.025499895680695772
seed,grid_4x4,grid_scalability,capacity_aware_pressure,20260604,completed,300,60,10,networks/grid_4x4/grid_4x4.sumocfg,networks/grid_4x4/grid_4x4.net.xml,,conditional_on_arrival_with_censoring_penalty,69,,,,,,,,,,,82.14388489208633,134.5096153846154,2422.0,139,0.6682692307692307,0.5791666666666667,10.091666666666667,3.0,0,0,176,0.025078805279918015
seed,grid_4x4,grid_scalability,local_pilight,20260604,not_feasible,300,60,10,,,No safely adaptable PI-Light local DSL baseline is present in the SUMO runner interface.,not_feasible,0,,,,,,,,,,,0.0,0.0,0.0,0,0.0,0.0,0.0,0.0,0,0,0,0.0
seed,grid_4x4,grid_scalability,raw_neighbor_symbolic,20260604,completed,300,60,10,networks/grid_4x4/grid_4x4.sumocfg,networks/grid_4x4/grid_4x4.net.xml,,conditional_on_arrival_with_censoring_penalty,63,,,,,,,,,,,80.10344827586206,128.53365384615384,2184.0,145,0.6971153846153846,0.6041666666666666,9.1,3.0,0,0,177,0.017103330115787685
seed,grid_4x4,grid_scalability,all_neighbor_symbolic,20260604,completed,300,60,10,networks/grid_4x4/grid_4x4.sumocfg,networks/grid_4x4/grid_4x4.net.xml,,conditional_on_arrival_with_censoring_penalty,69,,,,,,,,,,,82.14388489208633,134.5096153846154,2422.0,139,0.6682692307692307,0.5791666666666667,10.091666666666667,3.0,0,0,176,0.016349109704606235
seed,grid_4x4,grid_scalability,random_permuted_dual,20260604,completed,300,60,10,networks/grid_4x4/grid_4x4.sumocfg,networks/grid_4x4/grid_4x4.net.xml,,conditional_on_arrival_with_censoring_penalty,67,,,,,,,,,,,82.95035460992908,133.53846153846155,2617.0,141,0.6778846153846154,0.5875,10.904166666666667,4.0,0,0,161,0.01898899278603494
seed,grid_4x4,grid_scalability,full_dual_symbolic,20260604,not_feasible,300,60,10,,,Closed-loop per-TLS dual Scenario conversion is not yet safe for live SUMO actuation.,not_feasible,0,,,,,,,,,,,0.0,0.0,0.0,0,0.0,0.0,0.0,0.0,0,0,0,0.0
seed,grid_4x4,grid_scalability,fixed_time,20260605,completed,300,60,10,networks/grid_4x4/grid_4x4.sumocfg,networks/grid_4x4/grid_4x4.net.xml,,conditional_on_arrival_with_censoring_penalty,62,,,,,,,,,,,77.52739726027397,125.95673076923077,2259.0,146,0.7019230769230769,0.6083333333333333,9.4125,3.0,0,0,128,0.014134663389995694
seed,grid_4x4,grid_scalability,actuated_local_pressure,20260605,completed,300,60,10,networks/grid_4x4/grid_4x4.sumocfg,networks/grid_4x4/grid_4x4.net.xml,,conditional_on_arrival_with_censoring_penalty,63,,,,,,,,,,,79.71034482758621,128.2596153846154,2092.0,145,0.6971153846153846,0.6041666666666666,8.716666666666667,3.0,0,0,170,0.013700882438570261
seed,grid_4x4,grid_scalability,max_pressure,20260605,completed,300,60,10,networks/grid_4x4/grid_4x4.sumocfg,networks/grid_4x4/grid_4x4.net.xml,,conditional_on_arrival_with_censoring_penalty,63,,,,,,,,,,,79.71034482758621,128.2596153846154,2092.0,145,0.6971153846153846,0.6041666666666666,8.716666666666667,3.0,0,0,170,0.015672613051719964
seed,grid_4x4,grid_scalability,capacity_aware_pressure,20260605,completed,300,60,10,networks/grid_4x4/grid_4x4.sumocfg,networks/grid_4x4/grid_4x4.net.xml,,conditional_on_arrival_with_censoring_penalty,66,,,,,,,,,,,81.66901408450704,131.90865384615384,2206.0,142,0.6826923076923077,0.5916666666666667,9.191666666666666,3.0,0,0,172,0.015566996182315052
seed,grid_4x4,grid_scalability,local_pilight,20260605,not_feasible,300,60,10,,,No safely adaptable PI-Light local DSL baseline is present in the SUMO runner interface.,not_feasible,0,,,,,,,,,,,0.0,0.0,0.0,0,0.0,0.0,0.0,0.0,0,0,0,0.0
seed,grid_4x4,grid_scalability,raw_neighbor_symbolic,20260605,completed,300,60,10,networks/grid_4x4/grid_4x4.sumocfg,networks/grid_4x4/grid_4x4.net.xml,,conditional_on_arrival_with_censoring_penalty,63,,,,,,,,,,,79.71034482758621,128.2596153846154,2092.0,145,0.6971153846153846,0.6041666666666666,8.716666666666667,3.0,0,0,170,0.013898193137720227
seed,grid_4x4,grid_scalability,all_neighbor_symbolic,20260605,completed,300,60,10,networks/grid_4x4/grid_4x4.sumocfg,networks/grid_4x4/grid_4x4.net.xml,,conditional_on_arrival_with_censoring_penalty,66,,,,,,,,,,,81.66901408450704,131.90865384615384,2206.0,142,0.6826923076923077,0.5916666666666667,9.191666666666666,3.0,0,0,172,0.01693162799347192
seed,grid_4x4,grid_scalability,random_permuted_dual,20260605,completed,300,60,10,networks/grid_4x4/grid_4x4.sumocfg,networks/grid_4x4/grid_4x4.net.xml,,conditional_on_arrival_with_censoring_penalty,79,,,,,,,,,,,96.09302325581395,150.75,5786.0,129,0.6201923076923077,0.5375,24.108333333333334,4.0,0,0,98,0.01824013632722199
seed,grid_4x4,grid_scalability,full_dual_symbolic,20260605,not_feasible,300,60,10,,,Closed-loop per-TLS dual Scenario conversion is not yet safe for live SUMO actuation.,not_feasible,0,,,,,,,,,,,0.0,0.0,0.0,0,0.0,0.0,0.0,0.0,0,0,0,0.0
seed,arterial,arterial_demand_shift,fixed_time,20260523,completed,300,60,10,networks/arterial/arterial.sumocfg,networks/arterial/arterial.net.xml,,conditional_on_arrival_with_censoring_penalty,206,traci_vehicle_insertion,8,,,,,,,,,64.09418282548476,103.14224137931035,9964.0,722,0.7780172413793104,3.0083333333333333,41.516666666666666,17.0,0,0,40,0.005106567172333598
seed,arterial,arterial_demand_shift,max_pressure,20260523,completed,300,60,10,networks/arterial/arterial.sumocfg,networks/arterial/arterial.net.xml,,conditional_on_arrival_with_censoring_penalty,182,traci_vehicle_insertion,8,,,,,,,,,63.38471849865952,98.02262931034483,7491.0,746,0.8038793103448276,3.1083333333333334,31.2125,16.0,0,0,55,0.008179296157322824
seed,arterial,arterial_demand_shift,capacity_aware_pressure,20260523,completed,300,60,10,networks/arterial/arterial.sumocfg,networks/arterial/arterial.net.xml,,conditional_on_arrival_with_censoring_penalty,182,traci_vehicle_insertion,8,,,,,,,,,63.38471849865952,98.02262931034483,7491.0,746,0.8038793103448276,3.1083333333333334,31.2125,16.0,0,0,55,0.007365199271589518
seed,arterial,arterial_bottleneck_failure_mode,max_pressure,20260523,completed,300,60,10,networks/arterial/arterial.sumocfg,networks/arterial/arterial.net.xml,,conditional_on_arrival_with_censoring_penalty,185,,,edge_speed_reduction,C12C2,34.0,60,180,,,,67.08571428571429,101.85652173913043,8208.0,735,0.7989130434782609,3.0625,34.2,25.0,0,0,56,0.007878097472712398
seed,arterial,arterial_bottleneck_failure_mode,capacity_aware_pressure,20260523,completed,300,60,10,networks/arterial/arterial.sumocfg,networks/arterial/arterial.net.xml,,conditional_on_arrival_with_censoring_penalty,185,,,edge_speed_reduction,C12C2,34.0,60,180,,,,67.08571428571429,101.85652173913043,8208.0,735,0.7989130434782609,3.0625,34.2,25.0,0,0,56,0.00521890795789659
aggregate,arterial,arterial_bottleneck_failure_mode,capacity_aware_pressure,aggregate,n_seeds=1,,,,,,,aggregate,,,,,,,,,0.0,67.08571428571429,67.08571428571429,67.08571428571429,101.85652173913043,8208.0,735.0,0.7989130434782609,3.0625,34.2,25.0,0.0,0.0,56.0,0.00521890795789659
aggregate,arterial,arterial_bottleneck_failure_mode,max_pressure,aggregate,n_seeds=1,,,,,,,aggregate,,,,,,,,,0.0,67.08571428571429,67.08571428571429,67.08571428571429,101.85652173913043,8208.0,735.0,0.7989130434782609,3.0625,34.2,25.0,0.0,0.0,56.0,0.007878097472712398
aggregate,arterial,arterial_demand_shift,capacity_aware_pressure,aggregate,n_seeds=1,,,,,,,aggregate,,,,,,,,,0.0,63.38471849865952,63.38471849865952,63.38471849865952,98.02262931034483,7491.0,746.0,0.8038793103448276,3.1083333333333334,31.2125,16.0,0.0,0.0,55.0,0.007365199271589518
aggregate,arterial,arterial_demand_shift,fixed_time,aggregate,n_seeds=1,,,,,,,aggregate,,,,,,,,,0.0,64.09418282548476,64.09418282548476,64.09418282548476,103.14224137931035,9964.0,722.0,0.7780172413793104,3.0083333333333333,41.516666666666666,17.0,0.0,0.0,40.0,0.005106567172333598
aggregate,arterial,arterial_demand_shift,max_pressure,aggregate,n_seeds=1,,,,,,,aggregate,,,,,,,,,0.0,63.38471849865952,63.38471849865952,63.38471849865952,98.02262931034483,7491.0,746.0,0.8038793103448276,3.1083333333333334,31.2125,16.0,0.0,0.0,55.0,0.008179296157322824
aggregate,arterial,arterial_main,actuated_local_pressure,aggregate,n_seeds=5,,,,,,,aggregate,,,,,,,,,0.3144163780410394,62.123834685921814,63.35634688784268,62.74009078688225,96.88282608695651,7246.6,742.8,0.807391304347826,3.0949999999999998,30.194166666666668,15.4,0.0,0.0,55.6,0.007668950990773737
aggregate,arterial,arterial_main,all_neighbor_symbolic,aggregate,n_seeds=5,,,,,,,aggregate,,,,,,,,,0.2800668562519465,62.33364428055981,63.431506357067434,62.88257531881362,97.80630434782609,7378.2,738.6,0.8028260869565218,3.0774999999999997,30.7425,15.6,0.0,0.0,55.4,0.006881207972764969
aggregate,arterial,arterial_main,capacity_aware_pressure,aggregate,n_seeds=5,,,,,,,aggregate,,,,,,,,,0.2800668562519465,62.33364428055981,63.431506357067434,62.88257531881362,97.80630434782609,7378.2,738.6,0.8028260869565218,3.0774999999999997,30.7425,15.6,0.0,0.0,55.4,0.008647409919649362
aggregate,arterial,arterial_main,fixed_time,aggregate,n_seeds=5,,,,,,,aggregate,,,,,,,,,0.31584464068308693,64.12673063806622,65.36484162954392,64.74578613380507,102.57543478260871,9811.4,721.4,0.7841304347826087,3.0058333333333334,40.880833333333335,16.8,0.0,0.0,40.0,0.004911581589840353
aggregate,arterial,arterial_main,max_pressure,aggregate,n_seeds=5,,,,,,,aggregate,,,,,,,,,0.2800668562519465,62.33364428055981,63.431506357067434,62.88257531881362,97.80630434782609,7378.2,738.6,0.8028260869565218,3.0774999999999997,30.7425,15.6,0.0,0.0,55.4,0.008223491511307657
aggregate,arterial,arterial_main,random_permuted_dual,aggregate,n_seeds=5,,,,,,,aggregate,,,,,,,,,2.8064344571565765,59.96334754577793,70.96457061783171,65.46395908180482,118.21478260869564,18659.0,639.0,0.6945652173913043,2.6625,77.74583333333332,47.2,0.0,0.0,34.6,0.009122292650863529
aggregate,arterial,arterial_main,raw_neighbor_symbolic,aggregate,n_seeds=5,,,,,,,aggregate,,,,,,,,,0.2800668562519465,62.33364428055981,63.431506357067434,62.88257531881362,97.80630434782609,7378.2,738.6,0.8028260869565218,3.0774999999999997,30.7425,15.6,0.0,0.0,55.4,0.006881933519616723
aggregate,grid_4x4,grid_scalability,actuated_local_pressure,aggregate,n_seeds=5,,,,,,,aggregate,,,,,,,,,0.9851804498178791,80.31179480733435,84.17370217062044,82.2427484889774,131.97788461538462,2348.6,142.4,0.6846153846153846,0.5933333333333334,9.785833333333333,3.4,0.0,0.0,177.4,0.02253857471514493
aggregate,grid_4x4,grid_scalability,all_neighbor_symbolic,aggregate,n_seeds=5,,,,,,,aggregate,,,,,,,,,0.3616283803143754,81.60129205490637,83.01887530573873,82.31008368032255,132.1951923076923,2349.4,142.2,0.6836538461538462,0.5925,9.789166666666667,3.2,0.0,0.0,174.4,0.01711576380766928
aggregate,grid_4x4,grid_scalability,capacity_aware_pressure,aggregate,n_seeds=5,,,,,,,aggregate,,,,,,,,,0.3616283803143754,81.60129205490637,83.01887530573873,82.31008368032255,132.1951923076923,2349.4,142.2,0.6836538461538462,0.5925,9.789166666666667,3.2,0.0,0.0,174.4,0.01956662831362337
aggregate,grid_4x4,grid_scalability,fixed_time,aggregate,n_seeds=5,,,,,,,aggregate,,,,,,,,,0.1975279084574306,76.78405272082689,77.55836212198001,77.17120742140345,126.80288461538461,2198.6,144.6,0.6951923076923077,0.6024999999999999,9.160833333333333,3.0,0.0,0.0,128.0,0.014917641063220799
aggregate,grid_4x4,grid_scalability,max_pressure,aggregate,n_seeds=5,,,,,,,aggregate,,,,,,,,,0.9851804498178791,80.31179480733435,84.17370217062044,82.2427484889774,131.97788461538462,2348.6,142.4,0.6846153846153846,0.5933333333333334,9.785833333333333,3.4,0.0,0.0,177.4,0.02082591922953725
aggregate,grid_4x4,grid_scalability,random_permuted_dual,aggregate,n_seeds=5,,,,,,,aggregate,,,,,,,,,3.4283550135074803,83.79043823608309,97.22958988903243,90.51001406255776,144.10576923076923,4484.8,133.2,0.6403846153846154,0.5549999999999999,18.686666666666667,3.8,0.0,0.0,123.8,0.025255258730612695
aggregate,grid_4x4,grid_scalability,raw_neighbor_symbolic,aggregate,n_seeds=5,,,,,,,aggregate,,,,,,,,,0.9851804498178791,80.31179480733435,84.17370217062044,82.2427484889774,131.97788461538462,2348.6,142.4,0.6846153846153846,0.5933333333333334,9.785833333333333,3.4,0.0,0.0,177.4,0.01974075399339199
aggregate,single,single_sanity,actuated_local_pressure,aggregate,n_seeds=1,,,,,,,aggregate,,,,,,,,,0.0,57.047904191616766,57.047904191616766,57.047904191616766,87.235,944.0,167.0,0.835,0.6958333333333333,3.933333333333333,5.0,0.0,0.0,12.0,0.001708050025627017
aggregate,single,single_sanity,all_neighbor_symbolic,aggregate,n_seeds=1,,,,,,,aggregate,,,,,,,,,0.0,57.047904191616766,57.047904191616766,57.047904191616766,87.235,944.0,167.0,0.835,0.6958333333333333,3.933333333333333,5.0,0.0,0.0,12.0,0.0015449619386345148
aggregate,single,single_sanity,capacity_aware_pressure,aggregate,n_seeds=1,,,,,,,aggregate,,,,,,,,,0.0,57.047904191616766,57.047904191616766,57.047904191616766,87.235,944.0,167.0,0.835,0.6958333333333333,3.933333333333333,5.0,0.0,0.0,12.0,0.0017789409030228853
aggregate,single,single_sanity,fixed_time,aggregate,n_seeds=1,,,,,,,aggregate,,,,,,,,,0.0,57.74251497005988,57.74251497005988,57.74251497005988,87.815,1125.0,167.0,0.835,0.6958333333333333,4.6875,6.0,0.0,0.0,8.0,0.0012439952697604895
aggregate,single,single_sanity,max_pressure,aggregate,n_seeds=1,,,,,,,aggregate,,,,,,,,,0.0,57.047904191616766,57.047904191616766,57.047904191616766,87.235,944.0,167.0,0.835,0.6958333333333333,3.933333333333333,5.0,0.0,0.0,12.0,0.0014642082387581468
aggregate,single,single_sanity,random_permuted_dual,aggregate,n_seeds=1,,,,,,,aggregate,,,,,,,,,0.0,68.296,68.296,68.296,132.685,6178.0,125.0,0.625,0.5208333333333334,25.741666666666667,29.0,0.0,0.0,5.0,0.001962689799256623
aggregate,single,single_sanity,raw_neighbor_symbolic,aggregate,n_seeds=1,,,,,,,aggregate,,,,,,,,,0.0,57.047904191616766,57.047904191616766,57.047904191616766,87.235,944.0,167.0,0.835,0.6958333333333333,3.933333333333333,5.0,0.0,0.0,12.0,0.0009688887512311339
